question,answer
 weather conditions can change rapidly, so it's essential to stay vigilant and monitor updates from official sources during severe weather events.
 you can easily do so by clicking on the provided link within the email. We understand that preferences can change, so we've made it simple for you to manage your notification settings at any time.
 What are the different levels of flood warnings?,"Flood warnings are typically categorized into three levels: watch, warning, and emergency, each representing a different degree of urgency and recommended actions."
What should I do when I receive a flood warning?,"Upon receiving a flood warning, you should immediately check local government safety guidelines, prepare an emergency supply kit, stay alert, and be ready to evacuate to safer areas."
What are the sources of information for flood warnings?,"Sources of information for flood warnings include weather stations, hydrological monitoring stations, and satellite data, all crucial for monitoring and predicting flood situations."
How much advance notice is given for flood warnings?,"The lead time for flood warnings can vary depending on several factors, usually ranging from a few hours to several days. In urgent cases, warnings might be issued within a shorter timeframe."
What is the difference between a flood warning and a flood watch?,"A flood warning means that flooding is imminent or occurring, while a flood watch indicates that there is a potential for flooding but it is not yet certain."
How can I find out if my area is under a flood warning?,"You can check if your area is under a flood warning by visiting the official website of the local meteorological office or government, which provides up-to-date flood warning maps and information."
How should I protect my home during a flood warning?,"During a flood warning, take measures to prevent water from entering your home, such as using sandbags to block doorways, moving valuables to higher ground, and shutting off main power and gas supplies."
What should I do to seek assistance and repair damages after a flood?,"After a flood, you should contact local disaster relief agencies to learn about available aid. Keep all evidence of damage and records for insurance claims or government assistance applications."
